{"cameraMode":{"drawMode":0,"name":"Shaded","section":"Shading Mode"},"sceneLighting":true,"audioPlay":false,"sceneViewState":{"showFog":true,"showMaterialUpdate":false,"showSkybox":true,"showFlares":true,"showImageEffects":true,"showParticleSystems":true},"in2DMode":false,"pivot":{"x":-148.8133544921875,"y":-107.25238037109375,"z":102.56536865234375},"rotation":{"x":0.37306493520736697,"y":-0.08471853286027909,"z":0.03423113003373146,"w":0.9232949614524841},"size":180.50735473632813,"orthographic":false}